<?xml version="1.0" encoding="UTF-8"?>
<faceted-project>
  <runtime name="com.genuitec.runtime.generic.jee50"/>
  <fixed facet="jst.web"/>
  <fixed facet="wst.jsdt.web"/>
  <fixed facet="java"/>
  <installed facet="java" version="1.7"/>
  <installed facet="jst.web" version="2.5"/>
  <installed facet="jst.web.jstl" version="1.2"/>
  <installed facet="me.hibernate" version="3.2"/>
  <installed facet="me.spring" version="2.5"/>
  <installed facet="wst.jsdt.web" version="1.0"/>
</faceted-project>
