<?xml version="1.0" encoding="UTF-8"?>
<beans xmlns="http://www.springframework.org/schema/beans"
	xmlns:xsi="http://www.w3.org/2001/XMLSchema-instance"
	xmlns:p="http://www.springframework.org/schema/p"
	xsi:schemaLocation="http://www.springframework.org/schema/beans http://www.springframework.org/schema/beans/spring-beans-2.5.xsd">
	<bean id="datasource"
		class="org.apache.commons.dbcp.BasicDataSource">
		<property name="driverClassName" value="com.mysql.jdbc.Driver"></property>
		<property name="url" value="jdbc:mysql://localhost:3306/xscj"></property>
		<property name="username" value="root"></property>
		<property name="password" value="admin"></property>
	</bean>
	<bean id="sessionFactory"
		class="org.springframework.orm.hibernate3.LocalSessionFactoryBean">
		<property name="dataSource">
			<ref bean="datasource" />
		</property>
		<property name="hibernateProperties">
			<props>
				<prop key="hibernate.dialect">
					org.hibernate.dialect.MySQLDialect
				</prop>
				<prop key="hibernate.show_sql">true</prop>
				<prop key="hbm2ddl.auto">update</prop>
				<!-- 启动时删数据库中的表，然后创建，退出时不删除数据表-->
			</props>
		</property>
		<property name="mappingResources">
			<list>
				<value>org/model/Dlb.hbm.xml</value>
				<value>org/model/Xsb.hbm.xml</value>
				<value>org/model/Kcb.hbm.xml</value>
				<value>org/model/Zyb.hbm.xml</value>
				<value>org/model/Cjb.hbm.xml</value>
			</list>
		</property>
		
	</bean>
	<bean id="transactionManager"
         class="org.springframework.orm.hibernate3.HibernateTransactionManager">
		<!-- HibernateTransactionManager   bean需要依赖注入一个SessionFactory bean的引用-->
            <property name="sessionFactory">
            	<ref local="sessionFactory"/>
            </property>
    </bean>
   
   
	<bean id="dlDao" class="org.dao.imp.DlDaoImp">
		<property name="sessionFactory">
			<ref bean="sessionFactory" />
		</property>
	</bean>
	<bean id="xsDao" class="org.dao.imp.XsDaoImp">
		<property name="sessionFactory">
			<ref bean="sessionFactory"/>
		</property>
	</bean>
	<bean id="kcDao" class="org.dao.imp.KcDaoImp">
		<property name="sessionFactory">
			<ref bean="sessionFactory"/>
		</property>
	</bean>
	<bean id="zyDao" class="org.dao.imp.ZyDaoImp">
		<property name="sessionFactory">
			<ref bean="sessionFactory"/>
		</property>
	</bean>
	<bean id="cjDao" class="org.dao.imp.CjDaoImp">
		<property name="sessionFactory">
			<ref bean="sessionFactory"/>
		</property>
	</bean>
	<bean id="dlService" class="org.service.imp.DlServiceManage">
		<property name="dlDao">
			<ref bean="dlDao"/>
		</property>
	</bean>
	<bean id="xsService" class="org.service.imp.XsServiceManage">
		<property name="xsDao">
			<ref bean="xsDao"/>
		</property>
		<property name="cjDao">
			<ref bean="cjDao"/>
		</property>
	</bean>
	<bean id="zyService" class="org.service.imp.ZyServiceManage">
		<property name="zyDao">
			<ref bean="zyDao"/>
		</property>
	</bean>
	<bean id="kcService" class="org.service.imp.KcServiceManage">
		<property name="kcDao">
			<ref bean="kcDao"/>
		</property>
		<property name="cjDao">
			<ref bean="cjDao"/>
		</property>
	</bean>
	<bean id="cjService" class="org.service.imp.CjServiceManage">
		<property name="cjDao">
			<ref bean="cjDao"/>
		</property>
	</bean>
	<bean id="dlAction" class="org.action.DlAction">
		<property name="dlService">
			<ref bean="dlService"/>
		</property>
	</bean>
	<bean id="xsAction" class="org.action.XsAction">
		<property name="xsService">
			<ref bean="xsService"/>
		</property>
		<property name="zyService">
			<ref bean="zyService"/>
		</property>
	</bean>
	<bean id="kcAction" class="org.action.KcAction">
		<property name="kcService">
			<ref bean="kcService"/>
		</property>
	</bean>
	<bean id="cjAction" class="org.action.CjAction">
		<property name="xsService">
			<ref bean="xsService"/>
		</property>
		<property name="kcService">
			<ref bean="kcService"/>
		</property>
		<property name="cjService">
			<ref bean="cjService"/>
		</property>
	</bean>
</beans>