<?xml version="1.0" encoding="utf-8"?>
<!DOCTYPE hibernate-mapping PUBLIC "-//Hibernate/Hibernate Mapping DTD 3.0//EN"
"http://hibernate.sourceforge.net/hibernate-mapping-3.0.dtd">
<!-- 
    Mapping file autogenerated by MyEclipse Persistence Tools
-->
<hibernate-mapping>
    <class name="org.model.Cjb" table="cjb"  catalog="xscj">
    <!-- 复合主键配置 其中两个key-property,分别对应两个主键-->
        <composite-id name="id" class="org.model.CjbId">
            <key-property name="xh" type="java.lang.String">
                <column name="XH" length="6" />
            </key-property>
            <key-property name="kch" type="java.lang.String">
                <column name="KCH" length="4" />
            </key-property>
        </composite-id>
        <property name="cj" type="java.lang.Integer">
            <column name="CJ" />
        </property>
        <property name="xf" type="java.lang.Integer">
            <column name="XF" />
        </property>
    </class>
</hibernate-mapping>
