<?xml version="1.0" encoding="utf-8"?>
<!DOCTYPE hibernate-mapping PUBLIC "-//Hibernate/Hibernate Mapping DTD 3.0//EN"
"http://hibernate.sourceforge.net/hibernate-mapping-3.0.dtd">
<!-- 
    Mapping file autogenerated by MyEclipse Persistence Tools
-->
<hibernate-mapping>
    <class name="org.model.Dlb" table="dlb" catalog="xscj">
        <id name="id" type="java.lang.Integer">
            <column name="id" />
            <generator class="identity" />
        </id>
        <property name="xh" type="java.lang.String">
            <column name="XH" length="6" not-null="true" />
        </property>
        <property name="kl" type="java.lang.String">
            <column name="KL" length="50" not-null="true" />
        </property>
    </class>
</hibernate-mapping>
