<?xml version="1.0" encoding="utf-8"?>
<!DOCTYPE hibernate-mapping PUBLIC "-//Hibernate/Hibernate Mapping DTD 3.0//EN"
"http://hibernate.sourceforge.net/hibernate-mapping-3.0.dtd">
<!-- 
    Mapping file autogenerated by MyEclipse Persistence Tools
-->
<hibernate-mapping>
    <class name="org.model.Kcb" table="kcb"  catalog="xscj">
        <id name="kch" type="java.lang.String">
            <column name="KCH" length="4" />
            <generator class="assigned" />
        </id>
        <property name="kcm" type="java.lang.String">
            <column name="KCM" length="16" />
        </property>
        <property name="kxxq" type="java.lang.Short">
            <column name="KXXQ" />
        </property>
        <property name="xs" type="java.lang.Short">
            <column name="XS" />
        </property>
        <property name="xf" type="java.lang.Integer">
            <column name="XF" />
        </property>
    </class>
</hibernate-mapping>
