<?xml version="1.0" encoding="utf-8"?>
<!DOCTYPE hibernate-mapping PUBLIC "-//Hibernate/Hibernate Mapping DTD 3.0//EN"
"http://hibernate.sourceforge.net/hibernate-mapping-3.0.dtd">

<hibernate-mapping>
    <class name="org.model.Xsb" table="xsb"  catalog="xscj">
        <id name="xh" type="java.lang.String">
            <column name="XH" length="6" />
            <generator class="assigned" />
        </id>
        <property name="xm" type="java.lang.String">
            <column name="XM" length="50" />
        </property>
        <property name="xb" type="java.lang.Byte">
            <column name="XB" />
        </property>
        <property name="cssj" type="java.util.Date">
            <column name="CSSJ" length="23" />
        </property>
        <property name="zxf" type="java.lang.Integer">
            <column name="ZXF" />
        </property>
        <property name="bz" type="java.lang.String">
            <column name="BZ" length="500" />
        </property>
        <property name="zp">
            <column name="ZP" />
        </property>
                <many-to-one name="zyb" class="org.model.Zyb" fetch="select" lazy="false">
            <column name="ZY_ID" />
        </many-to-one>
    </class>
</hibernate-mapping>
